{"cameraMode":{"drawMode":0,"name":"Shaded","section":"Shading Mode"},"sceneLighting":false,"audioPlay":false,"sceneViewState":{"showFog":true,"showMaterialUpdate":false,"showSkybox":false,"showFlares":true,"showImageEffects":true,"showParticleSystems":true},"in2DMode":false,"pivot":{"x":0.0843636691570282,"y":0.05823452025651932,"z":-0.4306914210319519},"rotation":{"x":-0.24410639703273774,"y":-0.6375737190246582,"z":0.22374215722084046,"w":-0.6956077218055725},"size":0.6127299070358276,"orthographic":false}