{"cameraMode":{"drawMode":0,"name":"Shaded","section":"Shading Mode"},"sceneLighting":false,"audioPlay":false,"sceneViewState":{"showFog":true,"showMaterialUpdate":false,"showSkybox":false,"showFlares":true,"showImageEffects":true,"showParticleSystems":true},"in2DMode":false,"pivot":{"x":506.06268310546877,"y":50.79999923706055,"z":354.3391418457031},"rotation":{"x":-0.08713451772928238,"y":0.8218777179718018,"z":-0.1307876706123352,"w":-0.547558069229126},"size":8.66025447845459,"orthographic":false}