{"cameraMode":{"drawMode":0,"name":"Shaded","section":"Shading Mode"},"sceneLighting":true,"audioPlay":false,"sceneViewState":{"showFog":true,"showMaterialUpdate":false,"showSkybox":false,"showFlares":true,"showImageEffects":true,"showParticleSystems":true},"in2DMode":false,"pivot":{"x":455.40911865234377,"y":73.27446746826172,"z":51.76117706298828},"rotation":{"x":0.18782897293567658,"y":0.405916690826416,"z":-0.08559302985668183,"w":0.8903297185897827},"size":1.1123223304748536,"orthographic":false}