{"cameraMode":{"drawMode":0,"name":"Shaded","section":"Shading Mode"},"sceneLighting":true,"audioPlay":false,"sceneViewState":{"showFog":true,"showMaterialUpdate":false,"showSkybox":false,"showFlares":true,"showImageEffects":true,"showParticleSystems":true},"in2DMode":false,"pivot":{"x":455.0526123046875,"y":72.47591400146485,"z":52.88319396972656},"rotation":{"x":0.12642423808574677,"y":0.8356168270111084,"z":-0.21593327820301057,"w":0.4890757203102112},"size":12.12435531616211,"orthographic":false}