{"cameraMode":{"drawMode":0,"name":"Shaded","section":"Shading Mode"},"sceneLighting":false,"audioPlay":false,"sceneViewState":{"showFog":true,"showMaterialUpdate":false,"showSkybox":false,"showFlares":true,"showImageEffects":true,"showParticleSystems":true},"in2DMode":false,"pivot":{"x":-1.1601696014404297,"y":63.3806037902832,"z":-11.169097900390625},"rotation":{"x":0.0378183014690876,"y":-0.17095914483070374,"z":0.00660890806466341,"w":0.9845589399337769},"size":16.96446418762207,"orthographic":false}