{"cameraMode":{"drawMode":0,"name":"Shaded","section":"Shading Mode"},"sceneLighting":true,"audioPlay":false,"sceneViewState":{"showFog":true,"showMaterialUpdate":false,"showSkybox":true,"showFlares":true,"showImageEffects":true,"showParticleSystems":true},"in2DMode":false,"pivot":{"x":173.96353149414063,"y":310.55322265625,"z":304.2813720703125},"rotation":{"x":0.3038158714771271,"y":0.48694851994514468,"z":-0.18542705476284028,"w":0.7976537942886353},"size":520.688232421875,"orthographic":false}