{"cameraMode":{"drawMode":0,"name":"Shaded","section":"Shading Mode"},"sceneLighting":false,"audioPlay":false,"sceneViewState":{"showFog":true,"showMaterialUpdate":false,"showSkybox":false,"showFlares":true,"showImageEffects":true,"showParticleSystems":true},"in2DMode":false,"pivot":{"x":1.0726985931396485,"y":0.2793388366699219,"z":-0.5856377482414246},"rotation":{"x":-0.28234410285949709,"y":-0.30873656272888186,"z":0.0965225100517273,"w":-0.9031394720077515},"size":1.2635002136230469,"orthographic":false}