{"cameraMode":{"drawMode":0,"name":"Shaded","section":"Shading Mode"},"sceneLighting":true,"audioPlay":false,"sceneViewState":{"showFog":true,"showMaterialUpdate":false,"showSkybox":false,"showFlares":true,"showImageEffects":true,"showParticleSystems":true},"in2DMode":false,"pivot":{"x":455.0526123046875,"y":72.47591400146485,"z":52.88319396972656},"rotation":{"x":0.06528455018997193,"y":0.9338726997375488,"z":-0.22644652426242829,"w":0.26907628774642947},"size":12.12435531616211,"orthographic":false}