{"cameraMode":{"drawMode":0,"name":"Shaded","section":"Shading Mode"},"sceneLighting":false,"audioPlay":false,"sceneViewState":{"showFog":true,"showMaterialUpdate":false,"showSkybox":false,"showFlares":true,"showImageEffects":true,"showParticleSystems":true},"in2DMode":false,"pivot":{"x":445.5986022949219,"y":31.815969467163087,"z":57.84374237060547},"rotation":{"x":-0.04763142764568329,"y":0.9493759870529175,"z":-0.17747896909713746,"w":-0.25479117035865786},"size":43.16900634765625,"orthographic":false}