{"cameraMode":{"drawMode":0,"name":"Shaded","section":"Shading Mode"},"sceneLighting":false,"audioPlay":false,"sceneViewState":{"showFog":true,"showMaterialUpdate":false,"showSkybox":false,"showFlares":true,"showImageEffects":true,"showParticleSystems":true},"in2DMode":false,"pivot":{"x":412.50897216796877,"y":141.6176300048828,"z":49.9427490234375},"rotation":{"x":-0.0071338568814098839,"y":0.7925012111663818,"z":-0.6097606420516968,"w":-0.009272093884646893},"size":70.05694580078125,"orthographic":false}