{"cameraMode":{"drawMode":0,"name":"Shaded","section":"Shading Mode"},"sceneLighting":true,"audioPlay":false,"sceneViewState":{"showFog":true,"showMaterialUpdate":false,"showSkybox":true,"showFlares":true,"showImageEffects":true,"showParticleSystems":true},"in2DMode":false,"pivot":{"x":-8.0935697555542,"y":51.98535919189453,"z":1.2510061264038087},"rotation":{"x":0.043329719454050067,"y":-0.7078866958618164,"z":0.04358964040875435,"w":0.7036512494087219},"size":6.209135055541992,"orthographic":false}