{"cameraMode":{"drawMode":0,"name":"Shaded","section":"Shading Mode"},"sceneLighting":true,"audioPlay":false,"sceneViewState":{"showFog":true,"showMaterialUpdate":false,"showSkybox":true,"showFlares":true,"showImageEffects":true,"showParticleSystems":true},"in2DMode":false,"pivot":{"x":227.6396942138672,"y":68.74461364746094,"z":142.14671325683595},"rotation":{"x":0.2744487524032593,"y":0.6615664958953857,"z":-0.28503167629241946,"w":0.637003481388092},"size":254.7194366455078,"orthographic":false}