{"cameraMode":{"drawMode":0,"name":"Shaded","section":"Shading Mode"},"sceneLighting":true,"audioPlay":false,"sceneViewState":{"showFog":true,"showMaterialUpdate":false,"showSkybox":true,"showFlares":true,"showImageEffects":true,"showParticleSystems":true},"in2DMode":false,"pivot":{"x":616.1461181640625,"y":283.09375,"z":-79.0562515258789},"rotation":{"x":0.03449176251888275,"y":-0.008994527161121369,"z":0.00031043513445183635,"w":0.9993648529052734},"size":258.3514404296875,"orthographic":true}