{"cameraMode":{"drawMode":0,"name":"Shaded","section":"Shading Mode"},"sceneLighting":true,"audioPlay":false,"sceneViewState":{"showFog":true,"showMaterialUpdate":false,"showSkybox":true,"showFlares":true,"showImageEffects":true,"showParticleSystems":true},"in2DMode":false,"pivot":{"x":617.5379028320313,"y":418.5998840332031,"z":-65.80632019042969},"rotation":{"x":0.028463784605264665,"y":0.04796283692121506,"z":-0.0013670671032741666,"w":0.9984474778175354},"size":138.33277893066407,"orthographic":true}