{"cameraMode":{"drawMode":0,"name":"Shaded","section":"Shading Mode"},"sceneLighting":false,"audioPlay":false,"sceneViewState":{"showFog":true,"showMaterialUpdate":false,"showSkybox":false,"showFlares":true,"showImageEffects":true,"showParticleSystems":true},"in2DMode":false,"pivot":{"x":0.30691131949424746,"y":0.6020054817199707,"z":0.16496382653713227},"rotation":{"x":0.12563109397888184,"y":-0.023807263001799585,"z":0.003015408292412758,"w":0.9917908906936646},"size":1.4177446365356446,"orthographic":true}