{"cameraMode":{"drawMode":0,"name":"Shaded","section":"Shading Mode"},"sceneLighting":true,"audioPlay":false,"sceneViewState":{"showFog":true,"showMaterialUpdate":false,"showSkybox":true,"showFlares":true,"showImageEffects":true,"showParticleSystems":true},"in2DMode":false,"pivot":{"x":-24.779541015625,"y":17.094974517822267,"z":105.94972229003906},"rotation":{"x":-0.0492958202958107,"y":0.6666918992996216,"z":-0.04426423832774162,"w":-0.7424113154411316},"size":10.47887134552002,"orthographic":false}