{"cameraMode":{"drawMode":0,"name":"Shaded","section":"Shading Mode"},"sceneLighting":false,"audioPlay":false,"sceneViewState":{"showFog":true,"showMaterialUpdate":false,"showSkybox":false,"showFlares":true,"showImageEffects":true,"showParticleSystems":true},"in2DMode":false,"pivot":{"x":0.004033565521240234,"y":0.3560163378715515,"z":-0.03813117742538452},"rotation":{"x":-0.002109764376655221,"y":-0.9891604781150818,"z":0.14615963399410249,"w":-0.014267634600400925},"size":1.4693140983581544,"orthographic":false}