{"cameraMode":{"drawMode":0,"name":"Shaded","section":"Shading Mode"},"sceneLighting":false,"audioPlay":false,"sceneViewState":{"showFog":true,"showMaterialUpdate":false,"showSkybox":false,"showFlares":true,"showImageEffects":true,"showParticleSystems":true},"in2DMode":false,"pivot":{"x":20.29958724975586,"y":7.9350972175598148,"z":-34.170108795166019},"rotation":{"x":-0.031493961811065677,"y":0.009292389266192913,"z":-0.000287804490653798,"w":-0.9994685649871826},"size":4.039430618286133,"orthographic":true}