{"cameraMode":{"drawMode":0,"name":"Shaded","section":"Shading Mode"},"sceneLighting":false,"audioPlay":false,"sceneViewState":{"showFog":true,"showMaterialUpdate":false,"showSkybox":false,"showFlares":true,"showImageEffects":true,"showParticleSystems":true},"in2DMode":false,"pivot":{"x":-0.00005221366882324219,"y":3.632033348083496,"z":2.544168472290039},"rotation":{"x":-0.031493961811065677,"y":0.009292389266192913,"z":-0.000287804490653798,"w":-0.9994685649871826},"size":3.199233293533325,"orthographic":true}