{"cameraMode":{"drawMode":0,"name":"Shaded","section":"Shading Mode"},"sceneLighting":true,"audioPlay":false,"sceneViewState":{"showFog":true,"showMaterialUpdate":false,"showSkybox":true,"showFlares":true,"showImageEffects":true,"showParticleSystems":true},"in2DMode":false,"pivot":{"x":-47.6993293762207,"y":-5.979025840759277,"z":-15.8458890914917},"rotation":{"x":-0.05728212371468544,"y":0.6280874609947205,"z":-0.04642773047089577,"w":-0.7746677398681641},"size":50.750736236572269,"orthographic":false}