{"cameraMode":{"drawMode":0,"name":"Shaded","section":"Shading Mode"},"sceneLighting":true,"audioPlay":false,"sceneViewState":{"showFog":true,"showMaterialUpdate":false,"showSkybox":true,"showFlares":true,"showImageEffects":true,"showParticleSystems":true},"in2DMode":false,"pivot":{"x":509.4897766113281,"y":73.1054916381836,"z":-4.625302314758301},"rotation":{"x":0.016499236226081849,"y":-0.0030005574226379396,"z":0.0000500563473906368,"w":0.99986332654953},"size":274.7633972167969,"orthographic":true}