{"cameraMode":{"drawMode":0,"name":"Shaded","section":"Shading Mode"},"sceneLighting":false,"audioPlay":false,"sceneViewState":{"showFog":true,"showMaterialUpdate":false,"showSkybox":false,"showFlares":true,"showImageEffects":true,"showParticleSystems":true},"in2DMode":false,"pivot":{"x":-0.3483744263648987,"y":-0.19023475050926209,"z":0.04744448512792587},"rotation":{"x":-0.002109764376655221,"y":-0.9891604781150818,"z":0.14615963399410249,"w":-0.014267634600400925},"size":1.8073949813842774,"orthographic":false}