{"cameraMode":{"drawMode":0,"name":"Shaded","section":"Shading Mode"},"sceneLighting":true,"audioPlay":false,"sceneViewState":{"showFog":true,"showMaterialUpdate":false,"showSkybox":false,"showFlares":true,"showImageEffects":true,"showParticleSystems":true},"in2DMode":false,"pivot":{"x":455.0526123046875,"y":72.47591400146485,"z":52.88319396972656},"rotation":{"x":0.12563109397888184,"y":-0.023807263001799585,"z":0.003015408292412758,"w":0.9917908906936646},"size":12.12435531616211,"orthographic":true}