{"cameraMode":{"drawMode":0,"name":"Shaded","section":"Shading Mode"},"sceneLighting":false,"audioPlay":false,"sceneViewState":{"showFog":true,"showMaterialUpdate":false,"showSkybox":false,"showFlares":true,"showImageEffects":true,"showParticleSystems":true},"in2DMode":false,"pivot":{"x":0.0,"y":1.6096999645233155,"z":-0.42500001192092898},"rotation":{"x":-0.002109764376655221,"y":-0.9891604781150818,"z":0.14615963399410249,"w":-0.014267634600400925},"size":0.6928203105926514,"orthographic":false}