{"cameraMode":{"drawMode":0,"name":"Shaded","section":"Shading Mode"},"sceneLighting":true,"audioPlay":false,"sceneViewState":{"showFog":true,"showMaterialUpdate":false,"showSkybox":true,"showFlares":true,"showImageEffects":true,"showParticleSystems":true},"in2DMode":false,"pivot":{"x":-5.605777740478516,"y":5.870113372802734,"z":6.9009833335876469},"rotation":{"x":0.1230044811964035,"y":-0.5471530556678772,"z":0.08168751746416092,"w":0.8239092230796814},"size":1.091101884841919,"orthographic":false}