{"cameraMode":{"drawMode":0,"name":"Shaded","section":"Shading Mode"},"sceneLighting":false,"audioPlay":false,"sceneViewState":{"showFog":true,"showMaterialUpdate":false,"showSkybox":false,"showFlares":true,"showImageEffects":true,"showParticleSystems":true},"in2DMode":false,"pivot":{"x":-11.326558113098145,"y":5.05371618270874,"z":6.987799644470215},"rotation":{"x":-0.012087707407772541,"y":0.9876189231872559,"z":-0.09779556095600128,"w":-0.1220775693655014},"size":4.91502046585083,"orthographic":false}