{"cameraMode":{"drawMode":0,"name":"Shaded","section":"Shading Mode"},"sceneLighting":false,"audioPlay":false,"sceneViewState":{"showFog":true,"showMaterialUpdate":false,"showSkybox":false,"showFlares":true,"showImageEffects":true,"showParticleSystems":true},"in2DMode":false,"pivot":{"x":-5.170686721801758,"y":10.537951469421387,"z":-10.61640739440918},"rotation":{"x":0.2825556993484497,"y":-0.12330871820449829,"z":-0.9505963921546936,"w":-0.03665170818567276},"size":5.009211540222168,"orthographic":false}