{"cameraMode":{"drawMode":0,"name":"Shaded","section":"Shading Mode"},"sceneLighting":false,"audioPlay":false,"sceneViewState":{"showFog":true,"showMaterialUpdate":false,"showSkybox":false,"showFlares":true,"showImageEffects":true,"showParticleSystems":true},"in2DMode":false,"pivot":{"x":9.399699211120606,"y":4.134014129638672,"z":-12.603826522827149},"rotation":{"x":-0.031493961811065677,"y":0.009292389266192913,"z":-0.000287804490653798,"w":-0.9994685649871826},"size":4.081541538238525,"orthographic":true}