{"cameraMode":{"drawMode":0,"name":"Shaded","section":"Shading Mode"},"sceneLighting":true,"audioPlay":false,"sceneViewState":{"showFog":true,"showMaterialUpdate":false,"showSkybox":true,"showFlares":true,"showImageEffects":true,"showParticleSystems":true},"in2DMode":false,"pivot":{"x":212.24545288085938,"y":97.21100616455078,"z":19.812053680419923},"rotation":{"x":0.013516031205654145,"y":-0.00899829063564539,"z":0.00012160117330495268,"w":0.9998704791069031},"size":167.2368927001953,"orthographic":true}