{"cameraMode":{"drawMode":0,"name":"Shaded","section":"Shading Mode"},"sceneLighting":true,"audioPlay":false,"sceneViewState":{"showFog":true,"showMaterialUpdate":false,"showSkybox":true,"showFlares":true,"showImageEffects":true,"showParticleSystems":true},"in2DMode":false,"pivot":{"x":-137.38059997558595,"y":157.3357696533203,"z":395.814208984375},"rotation":{"x":-0.12084025889635086,"y":-0.6802960634231567,"z":0.11514989286661148,"w":-0.7137170433998108},"size":153.9847869873047,"orthographic":false}