{"cameraMode":{"drawMode":0,"name":"Shaded","section":"Shading Mode"},"sceneLighting":false,"audioPlay":false,"sceneViewState":{"showFog":true,"showMaterialUpdate":false,"showSkybox":false,"showFlares":true,"showImageEffects":true,"showParticleSystems":true},"in2DMode":false,"pivot":{"x":-5.45976448059082,"y":7.659716606140137,"z":3.7055907249450685},"rotation":{"x":0.027022184804081918,"y":-0.6926987767219544,"z":0.02598842792212963,"w":0.7202540636062622},"size":16.121248245239259,"orthographic":true}