{"cameraMode":{"drawMode":0,"name":"Shaded","section":"Shading Mode"},"sceneLighting":true,"audioPlay":false,"sceneViewState":{"showFog":true,"showMaterialUpdate":false,"showSkybox":true,"showFlares":true,"showImageEffects":true,"showParticleSystems":true},"in2DMode":false,"pivot":{"x":10.894624710083008,"y":6.188978672027588,"z":-10.96518611907959},"rotation":{"x":-0.04841109737753868,"y":-0.2064501792192459,"z":0.0102308951318264,"w":-0.9772121906280518},"size":13.998461723327637,"orthographic":true}