{"cameraMode":{"drawMode":0,"name":"Shaded","section":"Shading Mode"},"sceneLighting":true,"audioPlay":false,"sceneViewState":{"showFog":true,"showMaterialUpdate":false,"showSkybox":true,"showFlares":true,"showImageEffects":true,"showParticleSystems":true},"in2DMode":false,"pivot":{"x":-28.445892333984376,"y":12.346033096313477,"z":8.57408332824707},"rotation":{"x":0.20965124666690827,"y":0.35226309299468996,"z":-0.08129999786615372,"w":0.9084990620613098},"size":4.191047191619873,"orthographic":true}