{"cameraMode":{"drawMode":0,"name":"Shaded","section":"Shading Mode"},"sceneLighting":false,"audioPlay":false,"sceneViewState":{"showFog":true,"showMaterialUpdate":false,"showSkybox":false,"showFlares":true,"showImageEffects":true,"showParticleSystems":true},"in2DMode":false,"pivot":{"x":-0.23949527740478517,"y":1.7283564805984498,"z":1.683424472808838},"rotation":{"x":0.007187333889305592,"y":-0.9892125129699707,"z":0.051981449127197269,"w":0.13677681982517243},"size":5.461225509643555,"orthographic":true}