{"cameraMode":{"drawMode":0,"name":"Shaded","section":"Shading Mode"},"sceneLighting":true,"audioPlay":false,"sceneViewState":{"showFog":true,"showMaterialUpdate":false,"showSkybox":true,"showFlares":true,"showImageEffects":true,"showParticleSystems":true},"in2DMode":false,"pivot":{"x":8.743379592895508,"y":11.52971076965332,"z":-37.186256408691409},"rotation":{"x":-0.04480127990245819,"y":0.35775238275527956,"z":-0.01717974990606308,"w":-0.9325947761535645},"size":11.373398780822754,"orthographic":true}