{"cameraMode":{"drawMode":0,"name":"Shaded","section":"Shading Mode"},"sceneLighting":true,"audioPlay":false,"sceneViewState":{"showFog":true,"showMaterialUpdate":false,"showSkybox":true,"showFlares":true,"showImageEffects":true,"showParticleSystems":true},"in2DMode":false,"pivot":{"x":20.774471282958986,"y":4.738137245178223,"z":385.89166259765627},"rotation":{"x":0.012390701100230217,"y":0.9875196218490601,"z":-0.10407229512929917,"w":0.11757204681634903},"size":12.624897003173829,"orthographic":false}