{"cameraMode":{"drawMode":0,"name":"Shaded","section":"Shading Mode"},"sceneLighting":true,"audioPlay":false,"sceneViewState":{"showFog":true,"showMaterialUpdate":false,"showSkybox":true,"showFlares":true,"showImageEffects":true,"showParticleSystems":true},"in2DMode":false,"pivot":{"x":2.4559218883514406,"y":-0.34677404165267947,"z":2.6962857246398927},"rotation":{"x":0.11767439544200897,"y":0.30319124460220339,"z":-0.03775839880108833,"w":0.9448857307434082},"size":0.8660253882408142,"orthographic":false}