{"cameraMode":{"drawMode":0,"name":"Shaded","section":"Shading Mode"},"sceneLighting":true,"audioPlay":false,"sceneViewState":{"showFog":true,"showMaterialUpdate":false,"showSkybox":true,"showFlares":true,"showImageEffects":true,"showParticleSystems":true},"in2DMode":false,"pivot":{"x":14.6698579788208,"y":7.298586845397949,"z":388.7492980957031},"rotation":{"x":0.06860528886318207,"y":0.8640841245651245,"z":-0.12264981865882874,"w":0.4833332300186157},"size":11.560997009277344,"orthographic":false}