{"cameraMode":{"drawMode":0,"name":"Shaded","section":"Shading Mode"},"sceneLighting":true,"audioPlay":false,"sceneViewState":{"showFog":true,"showMaterialUpdate":false,"showSkybox":false,"showFlares":true,"showImageEffects":true,"showParticleSystems":true},"in2DMode":false,"pivot":{"x":-0.11375455558300019,"y":1.1435580253601075,"z":0.6287598609924316},"rotation":{"x":0.1746179461479187,"y":-0.54926997423172,"z":0.11862485855817795,"w":0.8085451126098633},"size":7.674893856048584,"orthographic":false}