{"cameraMode":{"drawMode":0,"name":"Shaded","section":"Shading Mode"},"sceneLighting":false,"audioPlay":false,"sceneViewState":{"showFog":true,"showMaterialUpdate":false,"showSkybox":false,"showFlares":true,"showImageEffects":true,"showParticleSystems":true},"in2DMode":false,"pivot":{"x":-0.4936392307281494,"y":8.330402374267579,"z":-0.8664924502372742},"rotation":{"x":-0.000008401663762924727,"y":-0.9996287822723389,"z":0.02729666233062744,"w":-0.0003077777801081538},"size":2.327211856842041,"orthographic":true}