{"cameraMode":{"drawMode":0,"name":"Shaded","section":"Shading Mode"},"sceneLighting":false,"audioPlay":false,"sceneViewState":{"showFog":true,"showMaterialUpdate":false,"showSkybox":false,"showFlares":true,"showImageEffects":true,"showParticleSystems":true},"in2DMode":false,"pivot":{"x":0.0021927356719970705,"y":0.8383234739303589,"z":-0.0006085038185119629},"rotation":{"x":-0.002109764376655221,"y":-0.9891604781150818,"z":0.14615963399410249,"w":-0.014267634600400925},"size":1.9124881029129029,"orthographic":false}