{"cameraMode":{"drawMode":0,"name":"Shaded","section":"Shading Mode"},"sceneLighting":true,"audioPlay":false,"sceneViewState":{"showFog":true,"showMaterialUpdate":false,"showSkybox":false,"showFlares":true,"showImageEffects":true,"showParticleSystems":true},"in2DMode":false,"pivot":{"x":0.9158909916877747,"y":16.840576171875,"z":40.19874572753906},"rotation":{"x":0.05133729800581932,"y":0.7522568106651306,"z":-0.0590297095477581,"w":0.654212474822998},"size":29.05744743347168,"orthographic":false}