{"cameraMode":{"drawMode":0,"name":"Shaded","section":"Shading Mode"},"sceneLighting":true,"audioPlay":false,"sceneViewState":{"showFog":true,"showMaterialUpdate":false,"showSkybox":true,"showFlares":true,"showImageEffects":true,"showParticleSystems":true},"in2DMode":false,"pivot":{"x":0.2696389853954315,"y":3.8938024044036867,"z":-7.945394515991211},"rotation":{"x":-0.14033068716526032,"y":0.855900764465332,"z":-0.305849552154541,"w":-0.39270931482315066},"size":4.511153221130371,"orthographic":false}