{"cameraMode":{"drawMode":0,"name":"Shaded","section":"Shading Mode"},"sceneLighting":true,"audioPlay":false,"sceneViewState":{"showFog":true,"showMaterialUpdate":false,"showSkybox":false,"showFlares":true,"showImageEffects":true,"showParticleSystems":true},"in2DMode":false,"pivot":{"x":455.0526123046875,"y":72.47591400146485,"z":52.88319396972656},"rotation":{"x":0.1746179461479187,"y":-0.54926997423172,"z":0.11862485855817795,"w":0.8085451126098633},"size":12.12435531616211,"orthographic":false}