{"cameraMode":{"drawMode":0,"name":"Shaded","section":"Shading Mode"},"sceneLighting":true,"audioPlay":false,"sceneViewState":{"showFog":true,"showMaterialUpdate":false,"showSkybox":false,"showFlares":true,"showImageEffects":true,"showParticleSystems":true},"in2DMode":false,"pivot":{"x":455.0526123046875,"y":72.47591400146485,"z":52.88319396972656},"rotation":{"x":0.05133729800581932,"y":0.7522568106651306,"z":-0.0590297095477581,"w":0.654212474822998},"size":16.499570846557618,"orthographic":false}