{"cameraMode":{"drawMode":0,"name":"Shaded","section":"Shading Mode"},"sceneLighting":true,"audioPlay":false,"sceneViewState":{"showFog":true,"showMaterialUpdate":false,"showSkybox":true,"showFlares":true,"showImageEffects":true,"showParticleSystems":true},"in2DMode":false,"pivot":{"x":-0.20947980880737306,"y":3.219099521636963,"z":-3.871274471282959},"rotation":{"x":0.08705675601959229,"y":0.8703851103782654,"z":-0.16648995876312257,"w":0.45512107014656069},"size":5.630262851715088,"orthographic":true}